{"chart01":{"id":"chart01","desc":"压力波方差统计","chart":{"江山路妙香路":0.013614553307256224,"沧海路妙香路（五七路妙香路泵站）":0.04266968133215135,"层林路沧海路（上海电气）":0.012353462803338898,"江山路天高路":0.0114964678320364,"江山路云水路（新昇半导体）":0.022947127060269367,"江山路倚天路":0.011264853088629295,"芦五公路":0.011258166992812473,"沧海路中（中港柴油机制造）":0.06487056771802444,"南芦公路（芦潮港，果园泵站）":0.01784341906084056,"倚天路沧海路":0.011605474290208596,"万水路新元南路":0.011939900399893769}},"chart02":{"id":"chart02","desc":"管网事件大小统计","chart":{"江山路妙香路":58.9164645045965,"沧海路妙香路（五七路妙香路泵站）":29.109018334142764,"层林路沧海路（上海电气）":19.584976035868827,"江山路天高路":23.40307203389829,"江山路云水路（新昇半导体）":49.62315054911531,"江山路倚天路":28.167165307732727,"芦五公路":31.203736033519576,"沧海路中（中港柴油机制造）":41.028290072859754,"南芦公路（芦潮港，果园泵站）":70,"倚天路沧海路":13.165958737864042,"万水路新元南路":15.55932232191409}},"chart03":{"id":"chart03","desc":"管网事件量（月）","chart":{"江山路妙香路":10,"沧海路妙香路（五七路妙香路泵站）":22,"层林路沧海路（上海电气）":9,"江山路天高路":13,"江山路云水路（新昇半导体）":18,"江山路倚天路":3,"芦五公路":76,"沧海路中（中港柴油机制造）":80,"南芦公路（芦潮港，果园泵站）":11,"倚天路沧海路":7,"万水路新元南路":6}},"chart04":{"id":"chart04","desc":"压力波振幅统计","chart":{"江山路妙香路":11.1,"沧海路妙香路（五七路妙香路泵站）":3.59,"层林路沧海路（上海电气）":10.23,"江山路天高路":8,"江山路云水路（新昇半导体）":19.4,"江山路倚天路":2.15,"芦五公路":7.8,"沧海路中（中港柴油机制造）":7.4,"南芦公路（芦潮港，果园泵站）":21.6,"倚天路沧海路":8.5,"万水路新元南路":5.4}},"chart05":{"id":"chart05","desc":"日间重大异常量","chart":{"江山路妙香路":4,"沧海路妙香路（五七路妙香路泵站）":0,"层林路沧海路（上海电气）":2,"江山路天高路":2,"江山路云水路（新昇半导体）":4,"江山路倚天路":0,"芦五公路":0,"沧海路中（中港柴油机制造）":2,"南芦公路（芦潮港，果园泵站）":3,"倚天路沧海路":3,"万水路新元南路":0}},"chart06":{"id":"chart06","desc":"夜间重大异常量","chart":{"江山路妙香路":0,"沧海路妙香路（五七路妙香路泵站）":0,"层林路沧海路（上海电气）":1,"江山路天高路":4,"江山路云水路（新昇半导体）":0,"江山路倚天路":0,"芦五公路":0,"沧海路中（中港柴油机制造）":0,"南芦公路（芦潮港，果园泵站）":0,"倚天路沧海路":0,"万水路新元南路":0}}}