{
  "chart01": {
    "id": "chart01",
    "desc": "压力波方差统计",
    "chart": {
      "第一路口": 0.013614553307256224,
      "第二路口": 0.04266968133215135,
      "第三路口": 0.012353462803338898,
      "第四路口": 0.0114964678320364,
      "第五路口": 0.022947127060269367,
      "第六路口": 0.011264853088629295,
      "第七路口": 0.011258166992812473,
      "第八路口": 0.06487056771802444,
      "第九路口": 0.01784341906084056
    }
  },
  "chart02": {
    "id": "chart02",
    "desc": "管网事件大小统计",
    "chart": {
      "第一路口": 58.9164645045965,
      "第二路口": 29.109018334142764,
      "第三路口": 19.584976035868827,
      "第四路口": 23.40307203389829,
      "第五路口": 49.62315054911531,
      "第六路口": 28.167165307732727,
      "第七路口": 31.203736033519576,
      "第八路口": 41.028290072859754,
      "第九路口": 70
    }
  },
  "chart03": {
    "id": "chart03",
    "desc": "管网事件量（月）",
    "chart": {
      "第一路口": 10,
      "第二路口": 22,
      "第三路口": 9,
      "第四路口": 13,
      "第五路口": 18,
      "第六路口": 3,
      "第七路口": 76,
      "第八路口": 80,
      "第九路口": 11
    }
  },
  "chart04": {
    "id": "chart04",
    "desc": "压力波振幅统计",
    "chart": {
      "第一路口": 11.1,
      "第二路口": 3.59,
      "第三路口": 10.23,
      "第四路口": 8,
      "第五路口": 19.4,
      "第六路口": 2.15,
      "第七路口": 7.8,
      "第八路口": 7.4,
      "第九路口": 21.6
    }
  },
  "chart05": {
    "id": "chart05",
    "desc": "日间重大异常量",
    "chart": {
      "第一路口": 4,
      "第二路口": 0,
      "第三路口": 2,
      "第四路口": 2,
      "第五路口": 4,
      "第六路口": 0,
      "第七路口": 0,
      "第八路口": 2,
      "第九路口": 3
    }
  },
  "chart06": {
    "id": "chart06",
    "desc": "夜间重大异常量",
    "chart": {
      "第一路口": 0,
      "第二路口": 0,
      "第三路口": 1,
      "第四路口": 4,
      "第五路口": 0,
      "第六路口": 0,
      "第七路口": 0,
      "第八路口": 0,
      "第九路口": 0
    }
  }
}